{"cameraMode":{"drawMode":0,"name":"Shaded","section":"Shading Mode"},"sceneLighting":true,"audioPlay":false,"sceneViewState":{"showFog":true,"showMaterialUpdate":false,"showSkybox":true,"showFlares":true,"showImageEffects":true,"showParticleSystems":true},"in2DMode":false,"pivot":{"x":-0.22653979063034059,"y":1.4937019348144532,"z":2.8927783966064455},"rotation":{"x":-0.25089672207832339,"y":0.03831886127591133,"z":-0.009940115734934807,"w":-0.9672040939331055},"size":-0.24551016092300416,"orthographic":false}