{"cameraMode":{"drawMode":0,"name":"Shaded","section":"Shading Mode"},"sceneLighting":false,"audioPlay":false,"sceneViewState":{"showFog":true,"showMaterialUpdate":false,"showSkybox":false,"showFlares":true,"showImageEffects":true,"showParticleSystems":true},"in2DMode":false,"pivot":{"x":-0.02083178609609604,"y":-0.0028756558895111086,"z":0.0979519933462143},"rotation":{"x":-0.029540276154875757,"y":0.5284041166305542,"z":-0.018401065841317178,"w":-0.8482794165611267},"size":0.5877726078033447,"orthographic":false}